<?xml version="1.0" encoding="UTF-8"?>
<templates id="template" xml:space="preserve">
    <t t-name="pos_custom.TextInputPopup">
        <Dialog title="props.title">
            <t t-foreach="props.buttons" t-as="button" t-key="button_index">
                <button t-on-click="() => this.buttonClick(button)" type="button"
                        t-attf-class="btn btn-lg me-2 mb-2 toggle-button {{button.isSelected? 'btn-primary' : 'btn-secondary'}} lh-lg">
                    <t t-esc="button.label"/>
                </button>
            </t>

            <!-- Inputs for Customer Name, Mobile Number, TIN, and Delivery Address -->
            <div class="form-group">
                <input type="text" t-model="state.customer_name" class="form-control" placeholder="Customer Name" />
            </div>
            <div class="form-group">
                <input type="text" t-model="state.mobile_no" class="form-control" placeholder="Mobile Number" />
            </div>
            <div class="form-group">
                <input type="text" t-model="state.tin" class="form-control" placeholder="TIN (Optional)" />
            </div>
            <div class="form-group">
                <input type="text" t-model="state.delivery_address" class="form-control" placeholder="Delivery Address (Optional)" />
            </div>

            <t t-set-slot="footer">
                <button class="btn btn-primary btn-lg lh-lg o-default-button" t-on-click="confirm">Apply</button>
                <button class="btn btn-secondary btn-lg lh-lg o-default-button" t-on-click="close">Discard</button>
            </t>
        </Dialog>
    </t>
</templates>




